-- phpMyAdmin SQL Dump
-- version 5.0.4
-- https://www.phpmyadmin.net/
--
-- Host: localhost
-- Generation Time: Oct 12, 2023 at 01:12 PM
-- Server version: 10.4.16-MariaDB
-- PHP Version: 7.4.12

SET SQL_MODE = "NO_AUTO_VALUE_ON_ZERO";
START TRANSACTION;
SET time_zone = "+00:00";


/*!40101 SET @OLD_CHARACTER_SET_CLIENT=@@CHARACTER_SET_CLIENT */;
/*!40101 SET @OLD_CHARACTER_SET_RESULTS=@@CHARACTER_SET_RESULTS */;
/*!40101 SET @OLD_COLLATION_CONNECTION=@@COLLATION_CONNECTION */;
/*!40101 SET NAMES utf8mb4 */;

--
-- Database: `laravel`
--

-- --------------------------------------------------------

--
-- Table structure for table `admins`
--

CREATE TABLE `admins` (
  `id` bigint(20) UNSIGNED NOT NULL,
  `name` varchar(255) COLLATE utf8mb4_unicode_ci NOT NULL,
  `email` varchar(255) COLLATE utf8mb4_unicode_ci NOT NULL,
  `email_verified_at` timestamp NULL DEFAULT NULL,
  `password` varchar(255) COLLATE utf8mb4_unicode_ci NOT NULL,
  `remember_token` varchar(100) COLLATE utf8mb4_unicode_ci DEFAULT NULL,
  `created_at` timestamp NULL DEFAULT NULL,
  `updated_at` timestamp NULL DEFAULT NULL
) ENGINE=InnoDB DEFAULT CHARSET=utf8mb4 COLLATE=utf8mb4_unicode_ci;

-- --------------------------------------------------------

--
-- Table structure for table `browser_stats`
--

CREATE TABLE `browser_stats` (
  `id` bigint(20) UNSIGNED NOT NULL,
  `name` varchar(30) COLLATE utf8mb4_unicode_ci NOT NULL,
  `total_usage` double(8,2) NOT NULL,
  `created_at` timestamp NULL DEFAULT NULL,
  `updated_at` timestamp NULL DEFAULT NULL
) ENGINE=InnoDB DEFAULT CHARSET=utf8mb4 COLLATE=utf8mb4_unicode_ci;

--
-- Dumping data for table `browser_stats`
--

INSERT INTO `browser_stats` (`id`, `name`, `total_usage`, `created_at`, `updated_at`) VALUES
(1, 'Chrome', 64.02, NULL, NULL),
(2, 'Firefox', 12.55, NULL, NULL),
(3, 'IE', 8.47, NULL, NULL),
(4, 'Safari', 6.08, NULL, NULL),
(5, 'Edge', 4.29, NULL, NULL),
(6, 'Others', 4.59, NULL, NULL),
(7, 'Chrome', 100.02, NULL, NULL),
(8, 'Firefox', 12.55, NULL, NULL),
(9, 'IE', 8.47, NULL, NULL),
(10, 'Safari', 6.08, NULL, NULL),
(11, 'Edge', 4.29, NULL, NULL),
(12, 'Others', 4.59, NULL, NULL),
(13, 'Chrome', 64.02, NULL, NULL),
(14, 'Firefox', 12.55, NULL, NULL),
(15, 'IE', 8.47, NULL, NULL),
(16, 'Safari', 6.08, NULL, NULL),
(17, 'Edge', 4.29, NULL, NULL),
(18, 'Others', 4.59, NULL, NULL),
(19, 'Chrome', 64.02, NULL, NULL),
(20, 'Firefox', 12.55, NULL, NULL),
(21, 'IE', 8.47, NULL, NULL),
(22, 'Safari', 6.08, NULL, NULL),
(23, 'Edge', 4.29, NULL, NULL),
(24, 'Others', 4.59, NULL, NULL);

-- --------------------------------------------------------

--
-- Table structure for table `cart`
--

CREATE TABLE `cart` (
  `id` bigint(20) UNSIGNED NOT NULL,
  `product_id` bigint(20) UNSIGNED NOT NULL,
  `name` varchar(255) COLLATE utf8mb4_unicode_ci NOT NULL,
  `price` text COLLATE utf8mb4_unicode_ci NOT NULL,
  `image` varchar(255) COLLATE utf8mb4_unicode_ci NOT NULL,
  `quantity` varchar(255) COLLATE utf8mb4_unicode_ci NOT NULL,
  `created_at` timestamp NULL DEFAULT NULL,
  `updated_at` timestamp NULL DEFAULT NULL
) ENGINE=InnoDB DEFAULT CHARSET=utf8mb4 COLLATE=utf8mb4_unicode_ci;

--
-- Dumping data for table `cart`
--

INSERT INTO `cart` (`id`, `product_id`, `name`, `price`, `image`, `quantity`, `created_at`, `updated_at`) VALUES
(15, 1, 'Keyboard', '50', 'keyboard.jpeg', '6', '2023-03-21 07:10:17', '2023-07-24 02:02:18');

-- --------------------------------------------------------

--
-- Table structure for table `categories`
--

CREATE TABLE `categories` (
  `id` bigint(20) UNSIGNED NOT NULL,
  `category_name` varchar(255) COLLATE utf8mb4_unicode_ci NOT NULL,
  `status` enum('0','1','2') COLLATE utf8mb4_unicode_ci NOT NULL COMMENT '0-active,1-inactive,2-delete',
  `created_at` timestamp NULL DEFAULT NULL,
  `updated_at` timestamp NULL DEFAULT NULL,
  `title` varchar(255) COLLATE utf8mb4_unicode_ci NOT NULL
) ENGINE=InnoDB DEFAULT CHARSET=utf8mb4 COLLATE=utf8mb4_unicode_ci;

--
-- Dumping data for table `categories`
--

INSERT INTO `categories` (`id`, `category_name`, `status`, `created_at`, `updated_at`, `title`) VALUES
(17, 'test demo', '0', '2022-09-29 07:33:51', '2023-03-21 07:39:00', 'test-demo'),
(19, 'Electronic', '0', '2022-10-12 07:01:44', '2022-10-12 07:01:44', 'electronic'),
(20, 'Cloth', '0', '2023-03-21 07:39:27', '2023-03-21 07:39:27', 'cloth');

-- --------------------------------------------------------

--
-- Table structure for table `category_product`
--

CREATE TABLE `category_product` (
  `id` bigint(20) UNSIGNED NOT NULL,
  `category_id` bigint(20) UNSIGNED NOT NULL,
  `product_id` bigint(20) UNSIGNED NOT NULL
) ENGINE=InnoDB DEFAULT CHARSET=utf8mb4 COLLATE=utf8mb4_unicode_ci;

-- --------------------------------------------------------

--
-- Table structure for table `department`
--

CREATE TABLE `department` (
  `id` bigint(20) UNSIGNED NOT NULL,
  `name` varchar(255) COLLATE utf8mb4_unicode_ci NOT NULL,
  `title` varchar(255) COLLATE utf8mb4_unicode_ci DEFAULT NULL,
  `semester` varchar(255) COLLATE utf8mb4_unicode_ci NOT NULL,
  `status` enum('0','1','2') COLLATE utf8mb4_unicode_ci NOT NULL COMMENT '0-active,1-in-active,2-delete',
  `created_at` timestamp NULL DEFAULT NULL,
  `updated_at` timestamp NULL DEFAULT NULL
) ENGINE=InnoDB DEFAULT CHARSET=utf8mb4 COLLATE=utf8mb4_unicode_ci;

--
-- Dumping data for table `department`
--

INSERT INTO `department` (`id`, `name`, `title`, `semester`, `status`, `created_at`, `updated_at`) VALUES
(1, 'test demo priya', 'test-demo-priya', '2', '2', '2022-09-28 01:00:53', '2022-11-23 00:09:51'),
(2, 'xyz abc pqr-aa', 'xyz-abc-pqr-aa', '3', '0', '2022-09-28 01:01:56', '2022-09-28 05:41:46'),
(3, 'saads Priya Shah', 'saads-priya-shah', '3', '2', '2022-09-28 01:12:23', '2022-11-18 02:27:52');

-- --------------------------------------------------------

--
-- Table structure for table `failed_jobs`
--

CREATE TABLE `failed_jobs` (
  `id` bigint(20) UNSIGNED NOT NULL,
  `uuid` varchar(255) COLLATE utf8mb4_unicode_ci NOT NULL,
  `connection` text COLLATE utf8mb4_unicode_ci NOT NULL,
  `queue` text COLLATE utf8mb4_unicode_ci NOT NULL,
  `payload` longtext COLLATE utf8mb4_unicode_ci NOT NULL,
  `exception` longtext COLLATE utf8mb4_unicode_ci NOT NULL,
  `failed_at` timestamp NOT NULL DEFAULT current_timestamp()
) ENGINE=InnoDB DEFAULT CHARSET=utf8mb4 COLLATE=utf8mb4_unicode_ci;

-- --------------------------------------------------------

--
-- Table structure for table `files`
--

CREATE TABLE `files` (
  `id` bigint(20) UNSIGNED NOT NULL,
  `product_id` bigint(20) UNSIGNED NOT NULL,
  `image` varchar(255) COLLATE utf8mb4_unicode_ci NOT NULL,
  `created_at` timestamp NULL DEFAULT NULL,
  `updated_at` timestamp NULL DEFAULT NULL
) ENGINE=InnoDB DEFAULT CHARSET=utf8mb4 COLLATE=utf8mb4_unicode_ci;

--
-- Dumping data for table `files`
--

INSERT INTO `files` (`id`, `product_id`, `image`, `created_at`, `updated_at`) VALUES
(7, 3, 'book.jpeg', '2022-09-30 00:06:39', '2022-09-30 00:06:39'),
(10, 5, 'shoes.jpeg', '2022-10-11 00:31:39', '2022-10-11 00:31:39'),
(11, 6, 'mobile.jpeg', '2022-10-11 00:32:22', '2022-10-11 00:32:22'),
(12, 7, 'pizza.jpeg', '2022-10-11 00:33:19', '2022-10-11 00:33:19'),
(13, 8, 'pepsy.jpeg', '2022-10-11 00:33:51', '2022-10-11 00:33:51'),
(14, 9, 'gallery_371_555.jpg', '2022-10-12 07:02:25', '2022-10-12 07:02:25'),
(15, 10, '5.jpeg', '2023-03-21 05:32:39', '2023-03-21 05:32:39'),
(16, 11, 'desktop-computer-keyboard-mouse-on-260nw-164253011.webp', '2023-03-21 05:33:56', '2023-03-21 05:33:56'),
(17, 12, '5.jpeg', '2023-03-21 05:34:46', '2023-03-21 05:34:46'),
(19, 1, 'keyboard.jpeg', '2023-03-21 05:52:03', '2023-03-21 05:52:03');

-- --------------------------------------------------------

--
-- Table structure for table `members`
--

CREATE TABLE `members` (
  `id` bigint(20) UNSIGNED NOT NULL,
  `name` varchar(255) COLLATE utf8mb4_unicode_ci NOT NULL,
  `email` varchar(255) COLLATE utf8mb4_unicode_ci NOT NULL,
  `password` varchar(255) COLLATE utf8mb4_unicode_ci NOT NULL,
  `remember_token` varchar(100) COLLATE utf8mb4_unicode_ci DEFAULT NULL,
  `created_at` timestamp NULL DEFAULT NULL,
  `updated_at` timestamp NULL DEFAULT NULL
) ENGINE=InnoDB DEFAULT CHARSET=utf8mb4 COLLATE=utf8mb4_unicode_ci;

-- --------------------------------------------------------

--
-- Table structure for table `migrations`
--

CREATE TABLE `migrations` (
  `id` int(10) UNSIGNED NOT NULL,
  `migration` varchar(255) COLLATE utf8mb4_unicode_ci NOT NULL,
  `batch` int(11) NOT NULL
) ENGINE=InnoDB DEFAULT CHARSET=utf8mb4 COLLATE=utf8mb4_unicode_ci;

--
-- Dumping data for table `migrations`
--

INSERT INTO `migrations` (`id`, `migration`, `batch`) VALUES
(388, '2014_10_12_000000_create_users_table', 1),
(389, '2014_10_12_100000_create_password_resets_table', 1),
(390, '2019_08_19_000000_create_failed_jobs_table', 1),
(391, '2019_12_14_000001_create_personal_access_tokens_table', 1),
(392, '2022_02_23_070259_create_profiles_table', 1),
(393, '2022_03_24_112142_create_products_table', 1),
(394, '2022_03_24_142521_add_description_at_to_products_table', 1),
(395, '2022_03_28_140528_create_files_table', 1),
(396, '2022_04_01_114852_create_roles_table', 1),
(397, '2022_04_01_114916_create_role_user_table', 1),
(398, '2022_04_01_115405_create_admins_table', 1),
(399, '2022_04_11_102958_create_categories_table', 1),
(400, '2022_04_11_113657_create_category_product_table', 1),
(401, '2022_04_12_102020_create_members_table', 1),
(402, '2022_04_12_102044_create_phones_table', 1),
(403, '2022_04_28_103658_create_notifications_table', 2),
(404, '2022_07_14_081347_create_browser_stats_table', 3),
(405, '2022_09_09_105330_create_user_contact_infos_table', 4),
(406, '2022_09_13_060735_add_statususers_table', 5),
(409, '2022_09_13_064215_add_status_categories_table', 6),
(414, '2022_09_13_090232_add_foreign_key_products_table', 7),
(415, '2022_09_14_084654_create_students_table', 7),
(422, '2022_09_19_104048_create_teacher_table', 8),
(423, '2022_09_27_053449_add_hobbies_students_table', 9),
(424, '2022_09_27_114303_create_department_table', 10),
(425, '2022_09_28_065439_add_title_categories_table', 11),
(433, '2022_09_28_084338_add_foreign_key_students_table', 12),
(434, '2022_10_04_102153_create_cart_table', 12),
(435, '2022_10_14_091918_create_order_table', 12),
(440, '2022_10_14_093210_create_orderitem_table', 13),
(441, '2022_10_17_125819_create_signup_table', 14);

-- --------------------------------------------------------

--
-- Table structure for table `notifications`
--

CREATE TABLE `notifications` (
  `id` char(36) COLLATE utf8mb4_unicode_ci NOT NULL,
  `type` varchar(255) COLLATE utf8mb4_unicode_ci NOT NULL,
  `notifiable_type` varchar(255) COLLATE utf8mb4_unicode_ci NOT NULL,
  `notifiable_id` bigint(20) UNSIGNED NOT NULL,
  `data` text COLLATE utf8mb4_unicode_ci NOT NULL,
  `read_at` timestamp NULL DEFAULT NULL,
  `created_at` timestamp NULL DEFAULT NULL,
  `updated_at` timestamp NULL DEFAULT NULL
) ENGINE=InnoDB DEFAULT CHARSET=utf8mb4 COLLATE=utf8mb4_unicode_ci;

-- --------------------------------------------------------

--
-- Table structure for table `order`
--

CREATE TABLE `order` (
  `id` bigint(20) UNSIGNED NOT NULL,
  `name` varchar(255) COLLATE utf8mb4_unicode_ci NOT NULL,
  `email` varchar(255) COLLATE utf8mb4_unicode_ci NOT NULL,
  `phone` varchar(255) COLLATE utf8mb4_unicode_ci NOT NULL,
  `address` varchar(255) COLLATE utf8mb4_unicode_ci NOT NULL,
  `created_at` timestamp NULL DEFAULT NULL,
  `updated_at` timestamp NULL DEFAULT NULL
) ENGINE=InnoDB DEFAULT CHARSET=utf8mb4 COLLATE=utf8mb4_unicode_ci;

--
-- Dumping data for table `order`
--

INSERT INTO `order` (`id`, `name`, `email`, `phone`, `address`, `created_at`, `updated_at`) VALUES
(1, 'Priya', 'priya@gmail.com', '985878586', 'Sabarmati', '2023-02-24 02:44:58', '2023-02-24 02:44:58'),
(2, 'Priya', 'priya@gmail.com', '985878586', 'Sabarmati', '2023-02-24 02:46:12', '2023-02-24 02:46:12'),
(3, 'Priya', 'priya@gmail.com', '985878586', 'Sabarmati', '2023-02-24 02:46:31', '2023-02-24 02:46:31'),
(4, 'Priya', 'priya@gmail.com', '985878586', 'Sabarmati', '2023-02-24 02:46:32', '2023-02-24 02:46:32'),
(5, 'Priya', 'priya@gmail.com', '985878586', 'Sabarmati', '2023-02-24 02:46:32', '2023-02-24 02:46:32'),
(6, 'Priya', 'priya@gmail.com', '985878586', 'Sabarmati', '2023-02-24 02:46:32', '2023-02-24 02:46:32'),
(7, 'Priya', 'priya@gmail.com', '985878586', 'Sabarmati', '2023-02-24 02:46:41', '2023-02-24 02:46:41'),
(8, 'Priya', 'priya@gmail.com', '985878586', 'Sabarmati', '2023-02-24 02:46:42', '2023-02-24 02:46:42'),
(9, 'Priya', 'priya@gmail.com', '985878586', 'Sabarmati', '2023-02-24 02:46:43', '2023-02-24 02:46:43'),
(10, 'Priya', 'priya@gmail.com', '985878586', 'Sabarmati', '2023-02-24 02:46:43', '2023-02-24 02:46:43'),
(11, 'Priya', 'priya@gmail.com', '985878586', 'Sabarmati', '2023-02-24 02:46:43', '2023-02-24 02:46:43'),
(12, 'Priya', 'priya@gmail.com', '985878586', 'Sabarmati', '2023-02-24 02:46:48', '2023-02-24 02:46:48'),
(13, 'Priya', 'priya@gmail.com', '985878586', 'Sabarmati', '2023-02-24 02:46:49', '2023-02-24 02:46:49'),
(14, 'Priya', 'priya@gmail.com', '985878586', 'Sabarmati', '2023-02-24 02:46:51', '2023-02-24 02:46:51'),
(15, 'Priya', 'priya@gmail.com', '985878586', 'Sabarmati', '2023-02-24 02:48:29', '2023-02-24 02:48:29'),
(16, 'Priya', 'priya@gmail.com', '985878586', 'Sabarmati', '2023-02-24 02:48:40', '2023-02-24 02:48:40'),
(17, 'Priya', 'priya@gmail.com', '985878586', 'Sabarmati', '2023-02-24 02:49:01', '2023-02-24 02:49:01'),
(18, 'Priya', 'priya@gmail.com', '985878586', 'Sabarmati', '2023-02-24 02:49:11', '2023-02-24 02:49:11'),
(19, 'Priya', 'priya@gmail.com', '985878586', 'Sabarmati', '2023-02-24 02:49:36', '2023-02-24 02:49:36'),
(20, 'Priya', 'priya@gmail.com', '985878586', 'Sabarmati', '2023-02-24 02:50:19', '2023-02-24 02:50:19'),
(21, 'Priya', 'priya@gmail.com', '985878586', 'Sabarmati', '2023-02-24 02:50:48', '2023-02-24 02:50:48'),
(22, 'Priya', 'priya@gmail.com', '985878586', 'Sabarmati', '2023-02-24 02:51:40', '2023-02-24 02:51:40'),
(23, 'Priya', 'priya@gmail.com', '985878586', 'Sabarmati', '2023-02-24 02:52:35', '2023-02-24 02:52:35'),
(24, 'Priya', 'priya@gmail.com', '985878586', 'Sabarmati', '2023-02-24 02:52:49', '2023-02-24 02:52:49'),
(25, 'Priya', 'priya@gmail.com', '985878586', 'Sabarmati', '2023-02-24 02:53:20', '2023-02-24 02:53:20'),
(26, 'Priya', 'priya.shah@iflair.com', '985878586', 'Sabarmati', '2023-03-21 07:10:40', '2023-03-21 07:10:40'),
(27, 'Priya', 'priya.shah@iflair.com', '985878586', 'Sabarmati', '2023-03-21 07:10:55', '2023-03-21 07:10:55'),
(28, 'Priya', 'priya@gmail.com', '985878586', 'Sabarmati', '2023-03-21 07:12:59', '2023-03-21 07:12:59'),
(29, 'Priya', 'priya@gmail.com', '985878586', 'Sabarmati', '2023-03-21 07:13:00', '2023-03-21 07:13:00'),
(30, 'Priya', 'priya@gmail.com', '09858785861', 'Sabarmati', '2023-07-24 02:02:31', '2023-07-24 02:02:31'),
(31, 'Priya', 'priya@gmail.com', '09858785861', 'Sabarmati', '2023-07-24 02:02:33', '2023-07-24 02:02:33'),
(32, 'Priya', 'priya@gmail.com', '09858785861', 'Sabarmati', '2023-07-24 02:02:33', '2023-07-24 02:02:33');

-- --------------------------------------------------------

--
-- Table structure for table `orderitem`
--

CREATE TABLE `orderitem` (
  `id` bigint(20) UNSIGNED NOT NULL,
  `order_id` bigint(20) UNSIGNED NOT NULL,
  `product_id` bigint(20) UNSIGNED NOT NULL,
  `qty` varchar(255) COLLATE utf8mb4_unicode_ci NOT NULL,
  `price` text COLLATE utf8mb4_unicode_ci NOT NULL,
  `total_price` text COLLATE utf8mb4_unicode_ci NOT NULL,
  `status` enum('0','1','2') COLLATE utf8mb4_unicode_ci NOT NULL COMMENT '0-pending,1-success,2-deliever',
  `created_at` timestamp NULL DEFAULT NULL,
  `updated_at` timestamp NULL DEFAULT NULL
) ENGINE=InnoDB DEFAULT CHARSET=utf8mb4 COLLATE=utf8mb4_unicode_ci;

--
-- Dumping data for table `orderitem`
--

INSERT INTO `orderitem` (`id`, `order_id`, `product_id`, `qty`, `price`, `total_price`, `status`, `created_at`, `updated_at`) VALUES
(34, 20, 1, '2', '50', '100', '0', '2023-02-24 02:50:19', '2023-02-24 02:50:19'),
(35, 21, 1, '2', '50', '100', '0', '2023-02-24 02:50:48', '2023-02-24 02:50:48'),
(36, 22, 1, '2', '50', '100', '0', '2023-02-24 02:51:40', '2023-02-24 02:51:40'),
(37, 23, 1, '2', '50', '100', '0', '2023-02-24 02:52:35', '2023-02-24 02:52:35'),
(38, 24, 1, '2', '50', '100', '0', '2023-02-24 02:52:49', '2023-02-24 02:52:49'),
(39, 25, 1, '2', '50', '100', '0', '2023-02-24 02:53:20', '2023-02-24 02:53:20'),
(40, 26, 1, '1', '50', '50', '0', '2023-03-21 07:10:40', '2023-03-21 07:10:40'),
(41, 27, 1, '1', '50', '50', '0', '2023-03-21 07:10:55', '2023-03-21 07:10:55'),
(42, 28, 1, '1', '50', '50', '0', '2023-03-21 07:12:59', '2023-03-21 07:12:59'),
(43, 29, 1, '1', '50', '50', '0', '2023-03-21 07:13:00', '2023-03-21 07:13:00'),
(44, 30, 1, '6', '50', '300', '0', '2023-07-24 02:02:31', '2023-07-24 02:02:31'),
(45, 31, 1, '6', '50', '300', '0', '2023-07-24 02:02:33', '2023-07-24 02:02:33'),
(46, 32, 1, '6', '50', '300', '0', '2023-07-24 02:02:34', '2023-07-24 02:02:34');

-- --------------------------------------------------------

--
-- Table structure for table `password_resets`
--

CREATE TABLE `password_resets` (
  `email` varchar(255) COLLATE utf8mb4_unicode_ci NOT NULL,
  `token` varchar(255) COLLATE utf8mb4_unicode_ci NOT NULL,
  `created_at` timestamp NULL DEFAULT NULL
) ENGINE=InnoDB DEFAULT CHARSET=utf8mb4 COLLATE=utf8mb4_unicode_ci;

--
-- Dumping data for table `password_resets`
--

INSERT INTO `password_resets` (`email`, `token`, `created_at`) VALUES
('priya.shah@iflair.com', '$2y$10$k42Ut238RnRYe71ChMo.leNwQtCmeMMICX6apm5ZblFjDJbaJkF7a', '2023-07-21 00:51:27');

-- --------------------------------------------------------

--
-- Table structure for table `personal_access_tokens`
--

CREATE TABLE `personal_access_tokens` (
  `id` bigint(20) UNSIGNED NOT NULL,
  `tokenable_type` varchar(255) COLLATE utf8mb4_unicode_ci NOT NULL,
  `tokenable_id` bigint(20) UNSIGNED NOT NULL,
  `name` varchar(255) COLLATE utf8mb4_unicode_ci NOT NULL,
  `token` varchar(64) COLLATE utf8mb4_unicode_ci NOT NULL,
  `abilities` text COLLATE utf8mb4_unicode_ci DEFAULT NULL,
  `last_used_at` timestamp NULL DEFAULT NULL,
  `created_at` timestamp NULL DEFAULT NULL,
  `updated_at` timestamp NULL DEFAULT NULL
) ENGINE=InnoDB DEFAULT CHARSET=utf8mb4 COLLATE=utf8mb4_unicode_ci;

-- --------------------------------------------------------

--
-- Table structure for table `phones`
--

CREATE TABLE `phones` (
  `id` bigint(20) UNSIGNED NOT NULL,
  `user_id` bigint(20) UNSIGNED NOT NULL,
  `phone` varchar(30) COLLATE utf8mb4_unicode_ci NOT NULL,
  `created_at` timestamp NULL DEFAULT NULL,
  `updated_at` timestamp NULL DEFAULT NULL
) ENGINE=InnoDB DEFAULT CHARSET=utf8mb4 COLLATE=utf8mb4_unicode_ci;

--
-- Dumping data for table `phones`
--

INSERT INTO `phones` (`id`, `user_id`, `phone`, `created_at`, `updated_at`) VALUES
(1, 51, '+1.612.501.6513', '2022-04-26 04:34:49', '2022-04-26 04:34:49'),
(2, 52, '815-858-2606', '2022-04-26 04:34:49', '2022-04-26 04:34:49'),
(3, 53, '+1 (239) 905-0100', '2022-04-26 04:34:49', '2022-04-26 04:34:49'),
(4, 54, '347.332.2818', '2022-04-26 04:34:49', '2022-04-26 04:34:49'),
(5, 55, '678.279.9946', '2022-04-26 04:34:49', '2022-04-26 04:34:49'),
(6, 56, '+1-985-723-9436', '2022-04-26 04:34:49', '2022-04-26 04:34:49'),
(7, 57, '507-537-0152', '2022-04-26 04:34:49', '2022-04-26 04:34:49'),
(8, 58, '678.896.2272', '2022-04-26 04:34:49', '2022-04-26 04:34:49'),
(9, 59, '+1.669.593.7184', '2022-04-26 04:34:49', '2022-04-26 04:34:49'),
(10, 60, '+17132975351', '2022-04-26 04:34:49', '2022-04-26 04:34:49'),
(11, 61, '+1.865.599.0148', '2022-04-26 04:34:49', '2022-04-26 04:34:49'),
(12, 62, '(858) 524-1013', '2022-04-26 04:34:49', '2022-04-26 04:34:49'),
(13, 63, '458.505.1542', '2022-04-26 04:34:49', '2022-04-26 04:34:49'),
(14, 64, '726-215-7577', '2022-04-26 04:34:49', '2022-04-26 04:34:49'),
(15, 65, '772.634.1957', '2022-04-26 04:34:49', '2022-04-26 04:34:49'),
(16, 66, '915.353.5384', '2022-04-26 04:34:49', '2022-04-26 04:34:49'),
(17, 67, '+1-234-890-1530', '2022-04-26 04:34:49', '2022-04-26 04:34:49'),
(18, 68, '+1-573-780-9970', '2022-04-26 04:34:49', '2022-04-26 04:34:49'),
(19, 69, '1-667-628-5821', '2022-04-26 04:34:49', '2022-04-26 04:34:49'),
(20, 70, '+1.814.255.8507', '2022-04-26 04:34:49', '2022-04-26 04:34:49'),
(21, 71, '(832) 855-3559', '2022-04-26 04:34:49', '2022-04-26 04:34:49'),
(22, 72, '443-319-5763', '2022-04-26 04:34:49', '2022-04-26 04:34:49'),
(23, 73, '+1.785.592.9064', '2022-04-26 04:34:49', '2022-04-26 04:34:49'),
(24, 74, '(814) 261-1949', '2022-04-26 04:34:49', '2022-04-26 04:34:49'),
(25, 75, '+1 (463) 728-7381', '2022-04-26 04:34:49', '2022-04-26 04:34:49'),
(26, 76, '+14133515930', '2022-04-26 04:34:49', '2022-04-26 04:34:49'),
(27, 77, '(585) 705-2535', '2022-04-26 04:34:49', '2022-04-26 04:34:49'),
(28, 78, '+1 (775) 828-1295', '2022-04-26 04:34:49', '2022-04-26 04:34:49'),
(29, 79, '+1-678-845-8425', '2022-04-26 04:34:49', '2022-04-26 04:34:49'),
(30, 80, '(848) 713-8917', '2022-04-26 04:34:49', '2022-04-26 04:34:49'),
(31, 81, '+1-971-579-8772', '2022-04-26 04:34:49', '2022-04-26 04:34:49'),
(32, 82, '+14792416850', '2022-04-26 04:34:49', '2022-04-26 04:34:49'),
(33, 83, '+1-551-607-9700', '2022-04-26 04:34:49', '2022-04-26 04:34:49'),
(34, 84, '337-479-5103', '2022-04-26 04:34:49', '2022-04-26 04:34:49'),
(35, 85, '(540) 334-9866', '2022-04-26 04:34:49', '2022-04-26 04:34:49'),
(36, 86, '463.899.4219', '2022-04-26 04:34:49', '2022-04-26 04:34:49'),
(37, 87, '+1-617-382-8949', '2022-04-26 04:34:49', '2022-04-26 04:34:49'),
(38, 88, '848-773-8935', '2022-04-26 04:34:49', '2022-04-26 04:34:49'),
(39, 89, '1-479-901-3707', '2022-04-26 04:34:49', '2022-04-26 04:34:49'),
(40, 90, '+1.423.568.3284', '2022-04-26 04:34:49', '2022-04-26 04:34:49'),
(41, 91, '859.513.1951', '2022-04-26 04:34:49', '2022-04-26 04:34:49'),
(42, 92, '+1-808-954-2448', '2022-04-26 04:34:49', '2022-04-26 04:34:49'),
(43, 93, '+1-863-310-0072', '2022-04-26 04:34:49', '2022-04-26 04:34:49'),
(44, 94, '+1 (912) 349-3648', '2022-04-26 04:34:49', '2022-04-26 04:34:49'),
(45, 95, '323.251.3994', '2022-04-26 04:34:49', '2022-04-26 04:34:49'),
(46, 96, '484.560.2415', '2022-04-26 04:34:49', '2022-04-26 04:34:49'),
(47, 97, '(720) 693-0653', '2022-04-26 04:34:49', '2022-04-26 04:34:49'),
(48, 98, '+1-470-936-1704', '2022-04-26 04:34:49', '2022-04-26 04:34:49'),
(49, 99, '+1.917.681.1286', '2022-04-26 04:34:49', '2022-04-26 04:34:49'),
(50, 100, '559-748-7391', '2022-04-26 04:34:49', '2022-04-26 04:34:49'),
(51, 151, '360.615.9741', '2022-04-26 04:35:47', '2022-04-26 04:35:47'),
(52, 152, '+1 (775) 478-9437', '2022-04-26 04:35:47', '2022-04-26 04:35:47'),
(53, 153, '628-812-1969', '2022-04-26 04:35:47', '2022-04-26 04:35:47'),
(54, 154, '812-335-0257', '2022-04-26 04:35:47', '2022-04-26 04:35:47'),
(55, 155, '+1-703-840-2834', '2022-04-26 04:35:47', '2022-04-26 04:35:47'),
(56, 156, '(440) 223-0322', '2022-04-26 04:35:47', '2022-04-26 04:35:47'),
(57, 157, '1-225-559-0861', '2022-04-26 04:35:47', '2022-04-26 04:35:47'),
(58, 158, '+1 (828) 813-2724', '2022-04-26 04:35:47', '2022-04-26 04:35:47'),
(59, 159, '646-932-5358', '2022-04-26 04:35:47', '2022-04-26 04:35:47'),
(60, 160, '458-378-0609', '2022-04-26 04:35:47', '2022-04-26 04:35:47'),
(61, 161, '360.678.0830', '2022-04-26 04:35:47', '2022-04-26 04:35:47'),
(62, 162, '+1-857-760-0827', '2022-04-26 04:35:47', '2022-04-26 04:35:47'),
(63, 163, '+1-251-399-7679', '2022-04-26 04:35:47', '2022-04-26 04:35:47'),
(64, 164, '(612) 260-5082', '2022-04-26 04:35:47', '2022-04-26 04:35:47'),
(65, 165, '+1-254-444-8276', '2022-04-26 04:35:47', '2022-04-26 04:35:47'),
(66, 166, '(408) 235-0482', '2022-04-26 04:35:47', '2022-04-26 04:35:47'),
(67, 167, '(859) 765-4396', '2022-04-26 04:35:47', '2022-04-26 04:35:47'),
(68, 168, '(929) 449-1611', '2022-04-26 04:35:47', '2022-04-26 04:35:47'),
(69, 169, '+1 (219) 455-1260', '2022-04-26 04:35:47', '2022-04-26 04:35:47'),
(70, 170, '1-743-577-7115', '2022-04-26 04:35:47', '2022-04-26 04:35:47'),
(71, 171, '971-449-6579', '2022-04-26 04:35:47', '2022-04-26 04:35:47'),
(72, 172, '208.512.4894', '2022-04-26 04:35:47', '2022-04-26 04:35:47'),
(73, 173, '478-385-5722', '2022-04-26 04:35:48', '2022-04-26 04:35:48'),
(74, 174, '351-333-1416', '2022-04-26 04:35:48', '2022-04-26 04:35:48'),
(75, 175, '715.381.7701', '2022-04-26 04:35:48', '2022-04-26 04:35:48'),
(76, 176, '574.518.8031', '2022-04-26 04:35:48', '2022-04-26 04:35:48'),
(77, 177, '231.250.1436', '2022-04-26 04:35:48', '2022-04-26 04:35:48'),
(78, 178, '+1.210.659.1581', '2022-04-26 04:35:48', '2022-04-26 04:35:48'),
(79, 179, '(541) 670-1246', '2022-04-26 04:35:48', '2022-04-26 04:35:48'),
(80, 180, '+1-248-287-0169', '2022-04-26 04:35:48', '2022-04-26 04:35:48'),
(81, 181, '1-346-884-8578', '2022-04-26 04:35:48', '2022-04-26 04:35:48'),
(82, 182, '+1 (479) 878-1905', '2022-04-26 04:35:48', '2022-04-26 04:35:48'),
(83, 183, '(737) 758-1875', '2022-04-26 04:35:48', '2022-04-26 04:35:48'),
(84, 184, '+15752599367', '2022-04-26 04:35:48', '2022-04-26 04:35:48'),
(85, 185, '959-952-6873', '2022-04-26 04:35:48', '2022-04-26 04:35:48'),
(86, 186, '(830) 238-7061', '2022-04-26 04:35:48', '2022-04-26 04:35:48'),
(87, 187, '(408) 465-1020', '2022-04-26 04:35:48', '2022-04-26 04:35:48'),
(88, 188, '678-702-3553', '2022-04-26 04:35:48', '2022-04-26 04:35:48'),
(89, 189, '+14427552279', '2022-04-26 04:35:48', '2022-04-26 04:35:48'),
(90, 190, '+1 (205) 358-6341', '2022-04-26 04:35:48', '2022-04-26 04:35:48'),
(91, 191, '+18642976232', '2022-04-26 04:35:48', '2022-04-26 04:35:48'),
(92, 192, '+1.540.226.0537', '2022-04-26 04:35:48', '2022-04-26 04:35:48'),
(93, 193, '325.815.2298', '2022-04-26 04:35:48', '2022-04-26 04:35:48'),
(94, 194, '907.346.6077', '2022-04-26 04:35:48', '2022-04-26 04:35:48'),
(95, 195, '(586) 481-8288', '2022-04-26 04:35:48', '2022-04-26 04:35:48'),
(96, 196, '903.906.3725', '2022-04-26 04:35:48', '2022-04-26 04:35:48'),
(97, 197, '+1 (430) 431-4815', '2022-04-26 04:35:48', '2022-04-26 04:35:48'),
(98, 198, '480.454.7008', '2022-04-26 04:35:48', '2022-04-26 04:35:48'),
(99, 199, '+16095257926', '2022-04-26 04:35:48', '2022-04-26 04:35:48'),
(100, 200, '+1-530-700-1346', '2022-04-26 04:35:48', '2022-04-26 04:35:48'),
(101, 57, '+15675513964', '2022-05-31 03:01:49', '2022-05-31 03:01:49'),
(102, 58, '773-414-1899', '2022-05-31 03:01:49', '2022-05-31 03:01:49'),
(103, 59, '+1-270-222-2509', '2022-05-31 03:01:49', '2022-05-31 03:01:49'),
(104, 60, '814-503-7856', '2022-05-31 03:01:49', '2022-05-31 03:01:49'),
(105, 61, '424.922.7270', '2022-05-31 03:01:49', '2022-05-31 03:01:49'),
(106, 62, '+1-279-933-8482', '2022-05-31 03:01:49', '2022-05-31 03:01:49'),
(107, 63, '747.204.7666', '2022-05-31 03:01:49', '2022-05-31 03:01:49'),
(108, 64, '(872) 362-4429', '2022-05-31 03:01:49', '2022-05-31 03:01:49'),
(109, 65, '1-949-577-7762', '2022-05-31 03:01:49', '2022-05-31 03:01:49'),
(110, 66, '+1-775-915-3985', '2022-05-31 03:01:49', '2022-05-31 03:01:49'),
(111, 67, '651-402-6350', '2022-05-31 03:01:49', '2022-05-31 03:01:49'),
(112, 68, '1-904-585-4431', '2022-05-31 03:01:49', '2022-05-31 03:01:49'),
(113, 69, '385-318-5670', '2022-05-31 03:01:49', '2022-05-31 03:01:49'),
(114, 70, '+1-678-707-3272', '2022-05-31 03:01:50', '2022-05-31 03:01:50'),
(115, 71, '(561) 684-9764', '2022-05-31 03:01:50', '2022-05-31 03:01:50'),
(116, 72, '1-530-794-7274', '2022-05-31 03:01:50', '2022-05-31 03:01:50'),
(117, 73, '(708) 261-9782', '2022-05-31 03:01:50', '2022-05-31 03:01:50'),
(118, 74, '458.415.5260', '2022-05-31 03:01:50', '2022-05-31 03:01:50'),
(119, 75, '+1 (707) 600-3816', '2022-05-31 03:01:50', '2022-05-31 03:01:50'),
(120, 76, '1-609-489-8083', '2022-05-31 03:01:50', '2022-05-31 03:01:50'),
(121, 77, '1-870-321-3014', '2022-05-31 03:01:50', '2022-05-31 03:01:50'),
(122, 78, '+1-702-746-4845', '2022-05-31 03:01:50', '2022-05-31 03:01:50'),
(123, 79, '+1-228-720-4648', '2022-05-31 03:01:50', '2022-05-31 03:01:50'),
(124, 80, '+12522851687', '2022-05-31 03:01:50', '2022-05-31 03:01:50'),
(125, 81, '+19145680405', '2022-05-31 03:01:50', '2022-05-31 03:01:50'),
(126, 82, '830-273-5768', '2022-05-31 03:01:50', '2022-05-31 03:01:50'),
(127, 83, '276-828-2080', '2022-05-31 03:01:50', '2022-05-31 03:01:50'),
(128, 84, '1-364-387-1863', '2022-05-31 03:01:50', '2022-05-31 03:01:50'),
(129, 85, '+1.906.515.7254', '2022-05-31 03:01:50', '2022-05-31 03:01:50'),
(130, 86, '+1-352-658-0403', '2022-05-31 03:01:50', '2022-05-31 03:01:50'),
(131, 87, '+19036243930', '2022-05-31 03:01:50', '2022-05-31 03:01:50'),
(132, 88, '602.297.5155', '2022-05-31 03:01:50', '2022-05-31 03:01:50'),
(133, 89, '1-940-779-0697', '2022-05-31 03:01:50', '2022-05-31 03:01:50'),
(134, 90, '252-664-5396', '2022-05-31 03:01:50', '2022-05-31 03:01:50'),
(135, 91, '1-559-755-6461', '2022-05-31 03:01:50', '2022-05-31 03:01:50'),
(136, 92, '+14636155975', '2022-05-31 03:01:50', '2022-05-31 03:01:50'),
(137, 93, '+14589207227', '2022-05-31 03:01:50', '2022-05-31 03:01:50'),
(138, 94, '+1.409.869.3142', '2022-05-31 03:01:50', '2022-05-31 03:01:50'),
(139, 95, '843.430.4296', '2022-05-31 03:01:50', '2022-05-31 03:01:50'),
(140, 96, '+1-830-685-3239', '2022-05-31 03:01:50', '2022-05-31 03:01:50'),
(141, 97, '+1-669-758-9917', '2022-05-31 03:01:50', '2022-05-31 03:01:50'),
(142, 98, '+1-234-423-6030', '2022-05-31 03:01:50', '2022-05-31 03:01:50'),
(143, 99, '+1 (907) 230-8371', '2022-05-31 03:01:50', '2022-05-31 03:01:50'),
(144, 100, '+1.831.791.4065', '2022-05-31 03:01:50', '2022-05-31 03:01:50'),
(145, 101, '769.693.0470', '2022-05-31 03:01:50', '2022-05-31 03:01:50'),
(146, 102, '(714) 370-9591', '2022-05-31 03:01:50', '2022-05-31 03:01:50'),
(147, 103, '281-344-1062', '2022-05-31 03:01:50', '2022-05-31 03:01:50'),
(148, 104, '570.954.7665', '2022-05-31 03:01:50', '2022-05-31 03:01:50'),
(149, 105, '(779) 715-0172', '2022-05-31 03:01:50', '2022-05-31 03:01:50'),
(150, 106, '+1 (623) 948-0984', '2022-05-31 03:01:50', '2022-05-31 03:01:50'),
(151, 160, '619-572-5010', '2022-07-14 04:32:14', '2022-07-14 04:32:14'),
(152, 161, '878-239-7436', '2022-07-14 04:32:14', '2022-07-14 04:32:14'),
(153, 162, '+12392072575', '2022-07-14 04:32:14', '2022-07-14 04:32:14'),
(154, 163, '1-681-206-6609', '2022-07-14 04:32:14', '2022-07-14 04:32:14'),
(155, 164, '651-951-7844', '2022-07-14 04:32:14', '2022-07-14 04:32:14'),
(156, 165, '(347) 779-9476', '2022-07-14 04:32:14', '2022-07-14 04:32:14'),
(157, 166, '+1.856.448.3119', '2022-07-14 04:32:14', '2022-07-14 04:32:14'),
(158, 167, '+1-424-760-1434', '2022-07-14 04:32:14', '2022-07-14 04:32:14'),
(159, 168, '+15206178351', '2022-07-14 04:32:14', '2022-07-14 04:32:14'),
(160, 169, '(269) 353-1045', '2022-07-14 04:32:14', '2022-07-14 04:32:14'),
(161, 170, '(573) 319-2010', '2022-07-14 04:32:14', '2022-07-14 04:32:14'),
(162, 171, '1-417-502-8455', '2022-07-14 04:32:14', '2022-07-14 04:32:14'),
(163, 172, '+1.919.567.7709', '2022-07-14 04:32:14', '2022-07-14 04:32:14'),
(164, 173, '1-302-451-5094', '2022-07-14 04:32:14', '2022-07-14 04:32:14'),
(165, 174, '+1-402-457-2291', '2022-07-14 04:32:14', '2022-07-14 04:32:14'),
(166, 175, '+1-760-844-3361', '2022-07-14 04:32:14', '2022-07-14 04:32:14'),
(167, 176, '341.577.6048', '2022-07-14 04:32:14', '2022-07-14 04:32:14'),
(168, 177, '301-959-8001', '2022-07-14 04:32:14', '2022-07-14 04:32:14'),
(169, 178, '+1-252-366-0019', '2022-07-14 04:32:14', '2022-07-14 04:32:14'),
(170, 179, '734.236.5066', '2022-07-14 04:32:14', '2022-07-14 04:32:14'),
(171, 180, '1-952-557-3125', '2022-07-14 04:32:14', '2022-07-14 04:32:14'),
(172, 181, '+18202541418', '2022-07-14 04:32:14', '2022-07-14 04:32:14'),
(173, 182, '978-447-0402', '2022-07-14 04:32:14', '2022-07-14 04:32:14'),
(174, 183, '620-681-2970', '2022-07-14 04:32:14', '2022-07-14 04:32:14'),
(175, 184, '+14016933195', '2022-07-14 04:32:14', '2022-07-14 04:32:14'),
(176, 185, '+1 (779) 492-7795', '2022-07-14 04:32:14', '2022-07-14 04:32:14'),
(177, 186, '678-853-5726', '2022-07-14 04:32:14', '2022-07-14 04:32:14'),
(178, 187, '+19047557207', '2022-07-14 04:32:14', '2022-07-14 04:32:14'),
(179, 188, '1-412-222-6041', '2022-07-14 04:32:14', '2022-07-14 04:32:14'),
(180, 189, '725.583.3426', '2022-07-14 04:32:14', '2022-07-14 04:32:14'),
(181, 190, '(586) 999-1988', '2022-07-14 04:32:14', '2022-07-14 04:32:14'),
(182, 191, '+1-628-972-3222', '2022-07-14 04:32:14', '2022-07-14 04:32:14'),
(183, 192, '612-756-2338', '2022-07-14 04:32:14', '2022-07-14 04:32:14'),
(184, 193, '(615) 483-6519', '2022-07-14 04:32:14', '2022-07-14 04:32:14'),
(185, 194, '+1 (341) 259-7957', '2022-07-14 04:32:14', '2022-07-14 04:32:14'),
(186, 195, '+1.320.599.8654', '2022-07-14 04:32:14', '2022-07-14 04:32:14'),
(187, 196, '1-303-880-0206', '2022-07-14 04:32:14', '2022-07-14 04:32:14'),
(188, 197, '+1 (843) 401-6830', '2022-07-14 04:32:14', '2022-07-14 04:32:14'),
(189, 198, '+1.785.612.1103', '2022-07-14 04:32:14', '2022-07-14 04:32:14'),
(190, 199, '(323) 875-8881', '2022-07-14 04:32:14', '2022-07-14 04:32:14'),
(191, 200, '1-283-321-4806', '2022-07-14 04:32:14', '2022-07-14 04:32:14'),
(192, 201, '+1-920-714-4606', '2022-07-14 04:32:14', '2022-07-14 04:32:14'),
(193, 202, '325-967-6043', '2022-07-14 04:32:14', '2022-07-14 04:32:14'),
(194, 203, '662-889-0076', '2022-07-14 04:32:14', '2022-07-14 04:32:14'),
(195, 204, '+1-845-596-4899', '2022-07-14 04:32:14', '2022-07-14 04:32:14'),
(196, 205, '1-562-563-5592', '2022-07-14 04:32:14', '2022-07-14 04:32:14'),
(197, 206, '+1-551-210-5043', '2022-07-14 04:32:14', '2022-07-14 04:32:14'),
(198, 207, '+17262939367', '2022-07-14 04:32:14', '2022-07-14 04:32:14'),
(199, 208, '(424) 282-4434', '2022-07-14 04:32:14', '2022-07-14 04:32:14'),
(200, 209, '1-682-453-5136', '2022-07-14 04:32:14', '2022-07-14 04:32:14'),
(201, 260, '1-364-428-3019', '2022-07-14 05:22:38', '2022-07-14 05:22:38'),
(202, 261, '325-787-9103', '2022-07-14 05:22:38', '2022-07-14 05:22:38'),
(203, 262, '806.954.9255', '2022-07-14 05:22:38', '2022-07-14 05:22:38'),
(204, 263, '458.273.2645', '2022-07-14 05:22:38', '2022-07-14 05:22:38'),
(205, 264, '213-424-7361', '2022-07-14 05:22:38', '2022-07-14 05:22:38'),
(206, 265, '972-890-3792', '2022-07-14 05:22:38', '2022-07-14 05:22:38'),
(207, 266, '+1.252.754.1906', '2022-07-14 05:22:38', '2022-07-14 05:22:38'),
(208, 267, '272.243.7672', '2022-07-14 05:22:38', '2022-07-14 05:22:38'),
(209, 268, '1-843-577-6586', '2022-07-14 05:22:38', '2022-07-14 05:22:38'),
(210, 269, '(520) 614-8201', '2022-07-14 05:22:38', '2022-07-14 05:22:38'),
(211, 270, '(715) 858-3039', '2022-07-14 05:22:38', '2022-07-14 05:22:38'),
(212, 271, '716.445.1606', '2022-07-14 05:22:38', '2022-07-14 05:22:38'),
(213, 272, '1-770-253-5370', '2022-07-14 05:22:38', '2022-07-14 05:22:38'),
(214, 273, '+1.262.208.8541', '2022-07-14 05:22:38', '2022-07-14 05:22:38'),
(215, 274, '(815) 601-8167', '2022-07-14 05:22:38', '2022-07-14 05:22:38'),
(216, 275, '1-386-849-6250', '2022-07-14 05:22:38', '2022-07-14 05:22:38'),
(217, 276, '762.273.0635', '2022-07-14 05:22:38', '2022-07-14 05:22:38'),
(218, 277, '430.539.9520', '2022-07-14 05:22:38', '2022-07-14 05:22:38'),
(219, 278, '520.224.2596', '2022-07-14 05:22:38', '2022-07-14 05:22:38'),
(220, 279, '1-850-963-7407', '2022-07-14 05:22:38', '2022-07-14 05:22:38'),
(221, 280, '732-827-0028', '2022-07-14 05:22:38', '2022-07-14 05:22:38'),
(222, 281, '605.616.0494', '2022-07-14 05:22:38', '2022-07-14 05:22:38'),
(223, 282, '828.599.8389', '2022-07-14 05:22:38', '2022-07-14 05:22:38'),
(224, 283, '682-716-8693', '2022-07-14 05:22:38', '2022-07-14 05:22:38'),
(225, 284, '(952) 254-2684', '2022-07-14 05:22:38', '2022-07-14 05:22:38'),
(226, 285, '660.754.2067', '2022-07-14 05:22:38', '2022-07-14 05:22:38'),
(227, 286, '1-870-385-4179', '2022-07-14 05:22:38', '2022-07-14 05:22:38'),
(228, 287, '+1 (386) 917-5095', '2022-07-14 05:22:38', '2022-07-14 05:22:38'),
(229, 288, '+1-743-274-0920', '2022-07-14 05:22:38', '2022-07-14 05:22:38'),
(230, 289, '203.648.2768', '2022-07-14 05:22:38', '2022-07-14 05:22:38'),
(231, 290, '351.540.1907', '2022-07-14 05:22:38', '2022-07-14 05:22:38'),
(232, 291, '210.379.3078', '2022-07-14 05:22:38', '2022-07-14 05:22:38'),
(233, 292, '+1 (380) 284-5686', '2022-07-14 05:22:38', '2022-07-14 05:22:38'),
(234, 293, '+1-708-856-5239', '2022-07-14 05:22:38', '2022-07-14 05:22:38'),
(235, 294, '(270) 884-5173', '2022-07-14 05:22:38', '2022-07-14 05:22:38'),
(236, 295, '+1-269-653-4335', '2022-07-14 05:22:38', '2022-07-14 05:22:38'),
(237, 296, '618-598-7393', '2022-07-14 05:22:38', '2022-07-14 05:22:38'),
(238, 297, '1-312-510-5368', '2022-07-14 05:22:38', '2022-07-14 05:22:38'),
(239, 298, '+13104228823', '2022-07-14 05:22:38', '2022-07-14 05:22:38'),
(240, 299, '+1-432-912-6303', '2022-07-14 05:22:38', '2022-07-14 05:22:38'),
(241, 300, '(848) 681-4766', '2022-07-14 05:22:38', '2022-07-14 05:22:38'),
(242, 301, '+1 (650) 272-4032', '2022-07-14 05:22:38', '2022-07-14 05:22:38'),
(243, 302, '1-573-462-7573', '2022-07-14 05:22:38', '2022-07-14 05:22:38'),
(244, 303, '(650) 570-1458', '2022-07-14 05:22:38', '2022-07-14 05:22:38'),
(245, 304, '+1 (641) 386-1730', '2022-07-14 05:22:38', '2022-07-14 05:22:38'),
(246, 305, '+1-878-558-2587', '2022-07-14 05:22:38', '2022-07-14 05:22:38'),
(247, 306, '657.773.5244', '2022-07-14 05:22:38', '2022-07-14 05:22:38'),
(248, 307, '432-765-8968', '2022-07-14 05:22:38', '2022-07-14 05:22:38'),
(249, 308, '1-309-307-6558', '2022-07-14 05:22:38', '2022-07-14 05:22:38'),
(250, 309, '+1 (470) 712-7805', '2022-07-14 05:22:38', '2022-07-14 05:22:38');

-- --------------------------------------------------------

--
-- Table structure for table `products`
--

CREATE TABLE `products` (
  `id` bigint(20) UNSIGNED NOT NULL,
  `category_id` bigint(20) UNSIGNED NOT NULL,
  `name` varchar(255) COLLATE utf8mb4_unicode_ci NOT NULL,
  `price` text COLLATE utf8mb4_unicode_ci NOT NULL,
  `status` enum('Active','Inactive') COLLATE utf8mb4_unicode_ci NOT NULL,
  `quantity` varchar(255) COLLATE utf8mb4_unicode_ci NOT NULL,
  `created_at` timestamp NULL DEFAULT NULL,
  `updated_at` timestamp NULL DEFAULT NULL,
  `description` varchar(255) COLLATE utf8mb4_unicode_ci DEFAULT NULL
) ENGINE=InnoDB DEFAULT CHARSET=utf8mb4 COLLATE=utf8mb4_unicode_ci;

--
-- Dumping data for table `products`
--

INSERT INTO `products` (`id`, `category_id`, `name`, `price`, `status`, `quantity`, `created_at`, `updated_at`, `description`) VALUES
(1, 19, 'Keyboard', '50', 'Active', '14', '2022-09-29 07:20:23', '2023-07-24 02:02:18', 'A keyboard is for putting information including letters, words and numbers into your computer.'),
(3, 17, 'Book', '1200', 'Active', '6', '2022-09-29 07:34:34', '2023-02-24 02:44:21', 'A good book description is a detailed, descriptive copy that is good for public display, used for your book marketing.'),
(5, 17, 'Shoe', '300', 'Active', '26', '2022-10-11 00:31:39', '2023-03-21 06:28:51', 'A shoe is an item of footwear intended to protect and comfort the human foot. They are often worn with a sock.'),
(6, 17, 'Mobile', '10000', 'Active', '60', '2022-10-11 00:32:22', '2022-10-13 23:55:33', 'mobile telephone, also called mobile phone, portable device for connecting to a telecommunications network in order to transmit and receive voice, video, or other data.'),
(7, 17, 'Pizza', '300', 'Active', '11', '2022-10-11 00:33:19', '2022-10-13 23:54:48', 'Pizza is a dish of Italian origin consisting of a usually round, flat base of leavened wheat-based dough topped with tomatoes, cheese.'),
(8, 17, 'Pepsi', '50', 'Active', '50', '2022-10-11 00:33:51', '2022-10-13 23:55:55', 'Pepsi is a carbonated soft drink manufactured by PepsiCo. Originally created and developed in 1893 by Caleb Bradham and introduced as Brad\'s Drink'),
(9, 19, 'TV', '12000', 'Active', '20', '2022-10-12 07:02:25', '2022-10-13 23:53:28', 'Television is the system for sending pictures and sound by electrical signals over a distance, so that people can receive them in their home.'),
(10, 20, 'T-shirt', '490', 'Active', '50', '2023-03-21 05:32:39', '2023-03-21 07:39:38', 'T-shirt'),
(11, 19, 'Computer', '35000', 'Active', '100', '2023-03-21 05:33:56', '2023-03-21 05:33:56', 'Computer'),
(12, 20, 'Dress', '2500', 'Active', '20', '2023-03-21 05:34:46', '2023-03-21 07:39:55', 'Dress');

-- --------------------------------------------------------

--
-- Table structure for table `profiles`
--

CREATE TABLE `profiles` (
  `id` bigint(20) UNSIGNED NOT NULL,
  `username` varchar(255) COLLATE utf8mb4_unicode_ci NOT NULL,
  `number` varchar(255) COLLATE utf8mb4_unicode_ci NOT NULL,
  `password` varchar(255) COLLATE utf8mb4_unicode_ci NOT NULL,
  `email` varchar(255) COLLATE utf8mb4_unicode_ci NOT NULL,
  `image` varchar(255) COLLATE utf8mb4_unicode_ci NOT NULL,
  `status` enum('Block','Unblock') COLLATE utf8mb4_unicode_ci NOT NULL,
  `created_at` timestamp NULL DEFAULT NULL,
  `updated_at` timestamp NULL DEFAULT NULL
) ENGINE=InnoDB DEFAULT CHARSET=utf8mb4 COLLATE=utf8mb4_unicode_ci;

--
-- Dumping data for table `profiles`
--

INSERT INTO `profiles` (`id`, `username`, `number`, `password`, `email`, `image`, `status`, `created_at`, `updated_at`) VALUES
(5, 'Priya', '123456789', '123456789', 'priya@gmail.com', '1666359828_flower-729512__340.jpg', 'Block', '2022-10-21 08:13:11', '2022-10-21 08:13:48'),
(6, 'priya.shah@iflair.com', '7841213569', '89(b%v]pAq2b7@Lb', 'priya233@gmail.com', '1679395042_book.jpeg', 'Block', '2023-03-21 05:07:22', '2023-08-01 02:20:48');

-- --------------------------------------------------------

--
-- Table structure for table `roles`
--

CREATE TABLE `roles` (
  `id` bigint(20) UNSIGNED NOT NULL,
  `name` varchar(255) COLLATE utf8mb4_unicode_ci NOT NULL,
  `created_at` timestamp NULL DEFAULT NULL,
  `updated_at` timestamp NULL DEFAULT NULL
) ENGINE=InnoDB DEFAULT CHARSET=utf8mb4 COLLATE=utf8mb4_unicode_ci;

-- --------------------------------------------------------

--
-- Table structure for table `role_user`
--

CREATE TABLE `role_user` (
  `id` bigint(20) UNSIGNED NOT NULL
) ENGINE=InnoDB DEFAULT CHARSET=utf8mb4 COLLATE=utf8mb4_unicode_ci;

-- --------------------------------------------------------

--
-- Table structure for table `signup`
--

CREATE TABLE `signup` (
  `id` bigint(20) UNSIGNED NOT NULL,
  `name` varchar(255) COLLATE utf8mb4_unicode_ci NOT NULL,
  `email` varchar(255) COLLATE utf8mb4_unicode_ci NOT NULL,
  `phone` varchar(255) COLLATE utf8mb4_unicode_ci NOT NULL,
  `password` varchar(255) COLLATE utf8mb4_unicode_ci NOT NULL,
  `created_at` timestamp NULL DEFAULT NULL,
  `updated_at` timestamp NULL DEFAULT NULL
) ENGINE=InnoDB DEFAULT CHARSET=utf8mb4 COLLATE=utf8mb4_unicode_ci;

--
-- Dumping data for table `signup`
--

INSERT INTO `signup` (`id`, `name`, `email`, `phone`, `password`, `created_at`, `updated_at`) VALUES
(3, 'priya', 'priya@gmail.com', '985878586', '$2y$10$7bqchAYDonvC9Fg/KtX1SOvMc9YLHM1Ibur2ns4TSHV8oQ.pioxZO', '2022-10-21 07:30:05', '2022-10-21 07:30:05');

-- --------------------------------------------------------

--
-- Table structure for table `students`
--

CREATE TABLE `students` (
  `id` bigint(20) UNSIGNED NOT NULL,
  `firstname` varchar(255) COLLATE utf8mb4_unicode_ci NOT NULL,
  `lastname` varchar(255) COLLATE utf8mb4_unicode_ci NOT NULL,
  `email` varchar(255) COLLATE utf8mb4_unicode_ci NOT NULL,
  `mobile` varchar(255) COLLATE utf8mb4_unicode_ci NOT NULL,
  `gender` enum('0','1','2') COLLATE utf8mb4_unicode_ci NOT NULL COMMENT '0-male',
  `image` varchar(255) COLLATE utf8mb4_unicode_ci NOT NULL,
  `status` enum('0','1','2') COLLATE utf8mb4_unicode_ci NOT NULL COMMENT '0-active',
  `address` varchar(255) COLLATE utf8mb4_unicode_ci NOT NULL,
  `city` varchar(255) COLLATE utf8mb4_unicode_ci NOT NULL,
  `semester` varchar(255) COLLATE utf8mb4_unicode_ci NOT NULL,
  `created_at` timestamp NULL DEFAULT NULL,
  `updated_at` timestamp NULL DEFAULT NULL,
  `hobby` varchar(255) COLLATE utf8mb4_unicode_ci DEFAULT NULL,
  `state` varchar(255) COLLATE utf8mb4_unicode_ci NOT NULL,
  `department_id` bigint(20) UNSIGNED NOT NULL
) ENGINE=InnoDB DEFAULT CHARSET=utf8mb4 COLLATE=utf8mb4_unicode_ci;

--
-- Dumping data for table `students`
--

INSERT INTO `students` (`id`, `firstname`, `lastname`, `email`, `mobile`, `gender`, `image`, `status`, `address`, `city`, `semester`, `created_at`, `updated_at`, `hobby`, `state`, `department_id`) VALUES
(43, 'hiral', 'patel', 'patel@gmail.com', '9859685247', '1', 'Screenshot from 2022-01-05 16-01-12.png', '2', 'AZsdfg', 'surat', '3', '2022-09-27 01:31:31', '2022-11-18 02:27:21', 'cricket,singing,playing,reading', 'gujarat', 2),
(45, 'Priya', 'Shah', 'priya@gmail.com', '7802900666', '1', 'Screenshot from 2021-12-23 15-30-38.png', '0', 'B - 9', 'ahmedabad', '3', '2022-09-27 05:51:25', '2022-09-28 08:06:41', 'singing,playing,reading', 'gujarat', 1),
(47, 'Riya', 'as', 'asas@edsd.df', '12345678899', '1', 'Screenshot from 2022-02-17 15-59-52.png', '0', '3ertt67', 'surat', '2', '2022-09-28 06:24:43', '2022-09-28 08:04:56', 'singing,playing', 'gujarat', 1),
(48, 'hiral', 'abc', 'ab1111c@gmail.com', '1234567890', '1', 'Screenshot from 2022-02-22 18-19-30.png', '0', 'qwertyui', 'surat', '2', '2022-09-28 06:26:31', '2022-09-28 06:26:31', 'singing', 'gujarat', 3),
(49, 'priya', 'Shah', 'priya111@gmail.com', '1234567890', '1', 'Screenshot from 2022-02-17 12-58-16.png', '2', '1234568', 'ahmedabad', '2', '2022-09-28 06:28:14', '2022-10-11 00:23:06', 'singing,playing', 'gujarat', 2),
(50, 'we', 'priya', 'priya332@gmail.com', '9858785863', '1', 'Screenshot from 2022-02-17 12-58-16.png', '1', 'Ahmedabad', 'ahmedabad', '2', '2022-11-17 00:20:21', '2022-11-29 03:11:16', 'playing', 'maharashtra', 2);

-- --------------------------------------------------------

--
-- Table structure for table `teacher`
--

CREATE TABLE `teacher` (
  `id` bigint(20) UNSIGNED NOT NULL,
  `firstname` varchar(255) COLLATE utf8mb4_unicode_ci NOT NULL,
  `lastname` varchar(255) COLLATE utf8mb4_unicode_ci NOT NULL,
  `email` varchar(255) COLLATE utf8mb4_unicode_ci NOT NULL,
  `mobile` varchar(255) COLLATE utf8mb4_unicode_ci NOT NULL,
  `subject` varchar(255) COLLATE utf8mb4_unicode_ci NOT NULL,
  `image` varchar(255) COLLATE utf8mb4_unicode_ci NOT NULL,
  `gender` enum('0','1','2') COLLATE utf8mb4_unicode_ci NOT NULL COMMENT '0-male,1-female,2-other',
  `status` enum('0','1','2') COLLATE utf8mb4_unicode_ci NOT NULL COMMENT '0-active,1-in-active,2-delete',
  `deleted_at` timestamp NULL DEFAULT NULL,
  `created_at` timestamp NULL DEFAULT NULL,
  `updated_at` timestamp NULL DEFAULT NULL
) ENGINE=InnoDB DEFAULT CHARSET=utf8mb4 COLLATE=utf8mb4_unicode_ci;

-- --------------------------------------------------------

--
-- Table structure for table `users`
--

CREATE TABLE `users` (
  `id` bigint(20) UNSIGNED NOT NULL,
  `name` varchar(255) COLLATE utf8mb4_unicode_ci NOT NULL,
  `email` varchar(255) COLLATE utf8mb4_unicode_ci NOT NULL,
  `email_verified_at` timestamp NULL DEFAULT NULL,
  `password` varchar(255) COLLATE utf8mb4_unicode_ci NOT NULL,
  `remember_token` varchar(100) COLLATE utf8mb4_unicode_ci DEFAULT NULL,
  `created_at` timestamp NULL DEFAULT NULL,
  `updated_at` timestamp NULL DEFAULT NULL
) ENGINE=InnoDB DEFAULT CHARSET=utf8mb4 COLLATE=utf8mb4_unicode_ci;

--
-- Dumping data for table `users`
--

INSERT INTO `users` (`id`, `name`, `email`, `email_verified_at`, `password`, `remember_token`, `created_at`, `updated_at`) VALUES
(8, 'Priya', 'priya12@gmail.com', NULL, '$2y$10$MqEN7G0XGWsrIC5olvLXlOSVaewxE8a0sYaPfRWnXrxvLrPaQnYjG', NULL, '2022-10-21 04:06:59', '2022-10-21 04:39:33'),
(10, 'priya', 'priya20@gmail.com', NULL, '$2y$10$xSQ7.4AXg9SpfkYEUoQ4xe0ScP1bt612Bim1NJm370YBVSrzsCdo2', '9iR4sAswvgiZBI6CJNt0Sbew9Wr7pR8Tjgtb7AOwaqdErTD7G7wKhRzcEqzu', '2022-10-31 00:25:23', '2022-11-02 04:54:48'),
(13, 'priya', 'piya@gmail.com', NULL, '$2y$10$a1lJT003JmxYB7GH3UbuRuI9KyYjhBr9jSaqOx2yZlD9QxWVPDb.C', NULL, '2022-10-31 01:27:15', '2022-10-31 01:27:15'),
(14, 'aa', 'aa@g.com', NULL, '$2y$10$rV8keUSYdGzO7DR8fjQ3B.oAd2UxwuaIOHaG6kVu5obYF/.d8n1MK', NULL, '2022-11-02 02:52:45', '2022-11-02 02:52:45'),
(15, 'Vrushti', 'v1@gmail.com', NULL, '$2y$10$4UTa1IbkxBlM45Lumo8Pme/pY2OO3kElFV6.Z1R4TFiW3LEXGAovG', NULL, '2022-11-04 06:32:52', '2022-11-04 06:35:07'),
(16, 'Priya', 'priya.shah@iflair.com', NULL, '$2y$10$7GWFEdWXlVDQ5l2Q88dlke2.XTGc/CZekRZUJKO04ruXL5StvTKxu', NULL, '2022-11-14 01:41:05', '2022-11-14 01:41:05'),
(18, 'priya', 'priya.shah1@iflair.com', NULL, '$2y$10$Av08spkUPKKZJAq4VGdA5.qr66z.NTnTxaIVmFgIIgkupyFSMyzI6', NULL, '2022-11-15 02:59:29', '2022-11-15 02:59:29'),
(19, 'Priya', 'priya.shah12@iflair.com', NULL, '$2y$10$wbIbNS/588xJSxxfIeZLvuRSISvU.F5dPQ5IMFimICiHf9gdPbuqC', NULL, '2022-11-15 07:18:10', '2022-11-15 07:18:10');

--
-- Indexes for dumped tables
--

--
-- Indexes for table `admins`
--
ALTER TABLE `admins`
  ADD PRIMARY KEY (`id`),
  ADD UNIQUE KEY `admins_email_unique` (`email`);

--
-- Indexes for table `browser_stats`
--
ALTER TABLE `browser_stats`
  ADD PRIMARY KEY (`id`);

--
-- Indexes for table `cart`
--
ALTER TABLE `cart`
  ADD PRIMARY KEY (`id`),
  ADD KEY `cart_product_id_foreign` (`product_id`);

--
-- Indexes for table `categories`
--
ALTER TABLE `categories`
  ADD PRIMARY KEY (`id`);

--
-- Indexes for table `category_product`
--
ALTER TABLE `category_product`
  ADD PRIMARY KEY (`id`),
  ADD KEY `category_product_category_id_foreign` (`category_id`),
  ADD KEY `category_product_product_id_foreign` (`product_id`);

--
-- Indexes for table `department`
--
ALTER TABLE `department`
  ADD PRIMARY KEY (`id`);

--
-- Indexes for table `failed_jobs`
--
ALTER TABLE `failed_jobs`
  ADD PRIMARY KEY (`id`),
  ADD UNIQUE KEY `failed_jobs_uuid_unique` (`uuid`);

--
-- Indexes for table `files`
--
ALTER TABLE `files`
  ADD PRIMARY KEY (`id`),
  ADD KEY `files_product_id_foreign` (`product_id`);

--
-- Indexes for table `members`
--
ALTER TABLE `members`
  ADD PRIMARY KEY (`id`),
  ADD UNIQUE KEY `members_email_unique` (`email`);

--
-- Indexes for table `migrations`
--
ALTER TABLE `migrations`
  ADD PRIMARY KEY (`id`);

--
-- Indexes for table `notifications`
--
ALTER TABLE `notifications`
  ADD PRIMARY KEY (`id`),
  ADD KEY `notifications_notifiable_type_notifiable_id_index` (`notifiable_type`,`notifiable_id`);

--
-- Indexes for table `order`
--
ALTER TABLE `order`
  ADD PRIMARY KEY (`id`);

--
-- Indexes for table `orderitem`
--
ALTER TABLE `orderitem`
  ADD PRIMARY KEY (`id`),
  ADD KEY `orderitem_order_id_foreign` (`order_id`),
  ADD KEY `orderitem_product_id_foreign` (`product_id`);

--
-- Indexes for table `password_resets`
--
ALTER TABLE `password_resets`
  ADD KEY `password_resets_email_index` (`email`);

--
-- Indexes for table `personal_access_tokens`
--
ALTER TABLE `personal_access_tokens`
  ADD PRIMARY KEY (`id`),
  ADD UNIQUE KEY `personal_access_tokens_token_unique` (`token`),
  ADD KEY `personal_access_tokens_tokenable_type_tokenable_id_index` (`tokenable_type`,`tokenable_id`);

--
-- Indexes for table `phones`
--
ALTER TABLE `phones`
  ADD PRIMARY KEY (`id`),
  ADD KEY `phones_user_id_foreign` (`user_id`);

--
-- Indexes for table `products`
--
ALTER TABLE `products`
  ADD PRIMARY KEY (`id`);

--
-- Indexes for table `profiles`
--
ALTER TABLE `profiles`
  ADD PRIMARY KEY (`id`);

--
-- Indexes for table `roles`
--
ALTER TABLE `roles`
  ADD PRIMARY KEY (`id`);

--
-- Indexes for table `role_user`
--
ALTER TABLE `role_user`
  ADD PRIMARY KEY (`id`);

--
-- Indexes for table `signup`
--
ALTER TABLE `signup`
  ADD PRIMARY KEY (`id`);

--
-- Indexes for table `students`
--
ALTER TABLE `students`
  ADD PRIMARY KEY (`id`);

--
-- Indexes for table `teacher`
--
ALTER TABLE `teacher`
  ADD PRIMARY KEY (`id`);

--
-- Indexes for table `users`
--
ALTER TABLE `users`
  ADD PRIMARY KEY (`id`),
  ADD UNIQUE KEY `users_email_unique` (`email`);

--
-- AUTO_INCREMENT for dumped tables
--

--
-- AUTO_INCREMENT for table `admins`
--
ALTER TABLE `admins`
  MODIFY `id` bigint(20) UNSIGNED NOT NULL AUTO_INCREMENT;

--
-- AUTO_INCREMENT for table `browser_stats`
--
ALTER TABLE `browser_stats`
  MODIFY `id` bigint(20) UNSIGNED NOT NULL AUTO_INCREMENT, AUTO_INCREMENT=25;

--
-- AUTO_INCREMENT for table `cart`
--
ALTER TABLE `cart`
  MODIFY `id` bigint(20) UNSIGNED NOT NULL AUTO_INCREMENT, AUTO_INCREMENT=16;

--
-- AUTO_INCREMENT for table `categories`
--
ALTER TABLE `categories`
  MODIFY `id` bigint(20) UNSIGNED NOT NULL AUTO_INCREMENT, AUTO_INCREMENT=21;

--
-- AUTO_INCREMENT for table `category_product`
--
ALTER TABLE `category_product`
  MODIFY `id` bigint(20) UNSIGNED NOT NULL AUTO_INCREMENT;

--
-- AUTO_INCREMENT for table `department`
--
ALTER TABLE `department`
  MODIFY `id` bigint(20) UNSIGNED NOT NULL AUTO_INCREMENT, AUTO_INCREMENT=5;

--
-- AUTO_INCREMENT for table `failed_jobs`
--
ALTER TABLE `failed_jobs`
  MODIFY `id` bigint(20) UNSIGNED NOT NULL AUTO_INCREMENT;

--
-- AUTO_INCREMENT for table `files`
--
ALTER TABLE `files`
  MODIFY `id` bigint(20) UNSIGNED NOT NULL AUTO_INCREMENT, AUTO_INCREMENT=20;

--
-- AUTO_INCREMENT for table `members`
--
ALTER TABLE `members`
  MODIFY `id` bigint(20) UNSIGNED NOT NULL AUTO_INCREMENT;

--
-- AUTO_INCREMENT for table `migrations`
--
ALTER TABLE `migrations`
  MODIFY `id` int(10) UNSIGNED NOT NULL AUTO_INCREMENT, AUTO_INCREMENT=443;

--
-- AUTO_INCREMENT for table `order`
--
ALTER TABLE `order`
  MODIFY `id` bigint(20) UNSIGNED NOT NULL AUTO_INCREMENT, AUTO_INCREMENT=33;

--
-- AUTO_INCREMENT for table `orderitem`
--
ALTER TABLE `orderitem`
  MODIFY `id` bigint(20) UNSIGNED NOT NULL AUTO_INCREMENT, AUTO_INCREMENT=47;

--
-- AUTO_INCREMENT for table `personal_access_tokens`
--
ALTER TABLE `personal_access_tokens`
  MODIFY `id` bigint(20) UNSIGNED NOT NULL AUTO_INCREMENT;

--
-- AUTO_INCREMENT for table `phones`
--
ALTER TABLE `phones`
  MODIFY `id` bigint(20) UNSIGNED NOT NULL AUTO_INCREMENT, AUTO_INCREMENT=251;

--
-- AUTO_INCREMENT for table `products`
--
ALTER TABLE `products`
  MODIFY `id` bigint(20) UNSIGNED NOT NULL AUTO_INCREMENT, AUTO_INCREMENT=14;

--
-- AUTO_INCREMENT for table `profiles`
--
ALTER TABLE `profiles`
  MODIFY `id` bigint(20) UNSIGNED NOT NULL AUTO_INCREMENT, AUTO_INCREMENT=7;

--
-- AUTO_INCREMENT for table `roles`
--
ALTER TABLE `roles`
  MODIFY `id` bigint(20) UNSIGNED NOT NULL AUTO_INCREMENT;

--
-- AUTO_INCREMENT for table `role_user`
--
ALTER TABLE `role_user`
  MODIFY `id` bigint(20) UNSIGNED NOT NULL AUTO_INCREMENT;

--
-- AUTO_INCREMENT for table `signup`
--
ALTER TABLE `signup`
  MODIFY `id` bigint(20) UNSIGNED NOT NULL AUTO_INCREMENT, AUTO_INCREMENT=4;

--
-- AUTO_INCREMENT for table `students`
--
ALTER TABLE `students`
  MODIFY `id` bigint(20) UNSIGNED NOT NULL AUTO_INCREMENT, AUTO_INCREMENT=51;

--
-- AUTO_INCREMENT for table `teacher`
--
ALTER TABLE `teacher`
  MODIFY `id` bigint(20) UNSIGNED NOT NULL AUTO_INCREMENT;

--
-- AUTO_INCREMENT for table `users`
--
ALTER TABLE `users`
  MODIFY `id` bigint(20) UNSIGNED NOT NULL AUTO_INCREMENT, AUTO_INCREMENT=20;

--
-- Constraints for dumped tables
--

--
-- Constraints for table `cart`
--
ALTER TABLE `cart`
  ADD CONSTRAINT `cart_product_id_foreign` FOREIGN KEY (`product_id`) REFERENCES `products` (`id`) ON DELETE CASCADE;

--
-- Constraints for table `category_product`
--
ALTER TABLE `category_product`
  ADD CONSTRAINT `category_product_category_id_foreign` FOREIGN KEY (`category_id`) REFERENCES `categories` (`id`) ON DELETE CASCADE,
  ADD CONSTRAINT `category_product_product_id_foreign` FOREIGN KEY (`product_id`) REFERENCES `products` (`id`) ON DELETE CASCADE;

--
-- Constraints for table `files`
--
ALTER TABLE `files`
  ADD CONSTRAINT `files_product_id_foreign` FOREIGN KEY (`product_id`) REFERENCES `products` (`id`) ON DELETE CASCADE;

--
-- Constraints for table `orderitem`
--
ALTER TABLE `orderitem`
  ADD CONSTRAINT `orderitem_order_id_foreign` FOREIGN KEY (`order_id`) REFERENCES `order` (`id`) ON DELETE CASCADE,
  ADD CONSTRAINT `orderitem_product_id_foreign` FOREIGN KEY (`product_id`) REFERENCES `products` (`id`) ON DELETE CASCADE;

--
-- Constraints for table `phones`
--
ALTER TABLE `phones`
  ADD CONSTRAINT `phones_user_id_foreign` FOREIGN KEY (`user_id`) REFERENCES `users` (`id`) ON DELETE CASCADE;
COMMIT;

/*!40101 SET CHARACTER_SET_CLIENT=@OLD_CHARACTER_SET_CLIENT */;
/*!40101 SET CHARACTER_SET_RESULTS=@OLD_CHARACTER_SET_RESULTS */;
/*!40101 SET COLLATION_CONNECTION=@OLD_COLLATION_CONNECTION */;
